title,character,character_alias,actor
Captain America: The First Avenger,Steve Rogers,Captain America,Chris Evans
Captain America: The First Avenger,Peggy Carter,,Hayley Atwell
Captain America: The First Avenger,Bucky Barnes,Winter Soldier,Sebastian Stan
Captain America: The First Avenger,Colonel Chester Phillips,,Tommy Lee Jones
Captain America: The First Avenger,Johann Schmidt,Red Skull,Hugo Weaving
Captain America: The First Avenger,Howard Stark,,Dominic Cooper
Captain America: The First Avenger,Heinz Kruger,,Richard Armitage
Captain America: The First Avenger,Nick Fury,Director Fury,Samuel L. Jackson
Captain America: The First Avenger,Dr. Arnim Zola,,Toby Jones
Captain America: The First Avenger,Timothy 'Dum Dum' Dugan,,Neal McDonough
Captain America: The First Avenger,Jim Morita,,Kenneth Choi
Marvel One-Shot: Agent Carter,Peggy Carter,,Hayley Atwell
Marvel One-Shot: Agent Carter,Agent Flynn,,Bradley Whitford
Marvel One-Shot: Agent Carter,Howard Stark,,Dominic Cooper
Marvel One-Shot: Agent Carter,Timothy 'Dum Dum' Dugan,,Neal McDonough
Agent Carter,Peggy Carter,,Hayley Atwell
Agent Carter,Edwin Jarvis,,James D'Arcy
Agent Carter,Daniel Sousa,,Enver Gjokaj
Agent Carter,Jack Thompson,,Chad Michael Murray
Agent Carter,Whitney Frost,,Wynn Everett
Agent Carter,Jason Wilkes,,Reggie Austin
Agent Carter,Dottie Underwood,,Bridget Regan
Agent Carter,Roger Dooley,,Shea Whigham
Agent Carter,Calvin Chadwick,,Currie Graham
Agent Carter,Ana Jarvis,,Lotte Verbeek
Agent Carter,Vernon Masters,,Kurtwood Smith
Agent Carter,Howard Stark,,Dominic Cooper
Agent Carter,Joseph Manfredi,,Ken Marino
Agent Carter,Agent Vega,,Rey Valentin
Agent Carter,Dr. Ivchenko,,Ralph Brown
Agent Carter,Hugh Jones,,Ray Wise
Agent Carter,Rufus,,Chris Browning
Agent Carter,Hank,,Chris Coppola
Agent Carter,Agent Ford,,Brian Glanney
Agent Carter,Carol,,Benita Robledo
Agent Carter,Agent Fisher,,Kevin Ashworth
Agent Carter,Agent Blackwell,,Russell Edge
Agent Carter,Timothy 'Dum Dum' Dugan,,Neal McDonough
Agent Carter,Happy Sam Sawyer,,Leonard Roberts
Agent Carter,Dr. Arnim Zola,,Toby Jones
Agent Carter,Detective Andrew Henry,,Sean O'Bryan
Captain Marvel,Carol Danvers,Captain Marvel,Brie Larson
Captain Marvel,Nick Fury,,Samuel L. Jackson
Captain Marvel,Talos,Keller,Ben Mendelsohn
Captain Marvel,Yon-Rogg,,Jude Law
Captain Marvel,Supreme Intelligence,Dr. Wendy Lawson,Annette Bening
Captain Marvel,Korath,,Djimon Hounsou
Captain Marvel,Ronan,,Lee Pace
Captain Marvel,Maria Rambeau,,Lashana Lynch
Captain Marvel,Minn-Erva,,Gemma Chan
Captain Marvel,Agent Coulson,,Clark Gregg
Captain Marvel,Monica Rambeau,,Akira Akbar
Iron Man,Tony Stark,Iron Man,Robert Downey Jr.
Iron Man,James Rhodes,War Machine,Terrence Howard
Iron Man,Obadiah Stane,Iron monger/Obi,Jeff Bridges
Iron Man,Pepper Potts,,Gwyneth Paltrow
Iron Man,Christine Everhart,Ms. Brown,Leslie Bibb
Iron Man,Yinsen,,Shaun Toub
Iron Man,Raza,,Faran Tahir
Iron Man,Agent Coulson,Phil Coulson,Clark Gregg
Iron Man,Abu Bakaar,,Sayed Badreya
Iron Man,JARVIS,,Paul Bettany
Iron Man,Happy Hogan,,Jon Favreau
Iron Man,William Ginter Riva,,Peter Billingsley
Iron Man,Major Allen,,Tim Guinee
Iron Man 2,Tony Stark,,Robert Downey Jr.
Iron Man 2,Pepper Potts,,Gwyneth Paltrow
Iron Man 2,James Rhodes,War machine,Don Cheadle
Iron Man 2,Natasha Romanoff,Black Widow,Scarlett Johansson
Iron Man 2,Justin Hammer,,Sam Rockwell
Iron Man 2,Ivan Vanko,Whiplash,Mickey Rourke
Iron Man 2,Nick Fury,Director Fury,Samuel L. Jackson
Iron Man 2,Agent Coulson,Phil Coulson,Clark Gregg
Iron Man 2,Howard Stark,,John Slattery
Iron Man 2,Senator Stern,,Garry Shandling
Iron Man 2,JARVIS,,Paul Bettany
Iron Man 2,Christine Everhart,Ms. Brown,Leslie Bibb
Iron Man 2,Happy Hogan,,Jon Favreau
Marvel One-Shot: A Funny Thing Happened on the Way to Thor's Hammer,Agent Coulson,,Clark Gregg
Thor,Thor,God of Thunder,Chris Hemsworth
Thor,Jane Foster,,Natalie Portman
Thor,Loki,God of Mischief,Tom Hiddleston
Thor,Odin,God of war,Anthony Hopkins
Thor,Erik Selvig,,Stellan Skarsgård
Thor,Darcy Lewis,,Kat Dennings
Thor,Agent Coulson,Phil Coulson,Clark Gregg
Thor,King Laufey,,Colm Feore
Thor,Heimdall,,Idris Elba
Thor,Volstagg,,Ray Stevenson
Thor,Hogun,Hogun the grim,Tadanobu Asano
Thor,Fandral,,Josh Dallas
Thor,Sif,Lady Sif,Jaimie Alexander
Thor,Frigga,Queen Frigga,Rene Russo
Thor,Agent Sitwell,,Maximiliano Hernández
The Incredible Hulk,Bruce Banner,The Hulk,Edward Norton
The Incredible Hulk,Betty Ross,,Liv Tyler
The Incredible Hulk,Emil Blonsky,,Tim Roth
The Incredible Hulk,Secretary Ross,,William Hurt
The Incredible Hulk,Samuel Sterns,,Tim Blake Nelson
Marvel One-Shot: The Consultant,Agent Coulson,,Clark Gregg
Marvel One-Shot: The Consultant,Agent Sitwell,,Maximiliano Hernández
Marvel One-Shot: The Consultant,Night Waitress,,Deborah Knox
The Avengers,Tony Stark,Iron Man,Robert Downey Jr.
The Avengers,Steve Rogers,Captain America,Chris Evans
The Avengers,Bruce Banner,The Hulk,Mark Ruffalo
The Avengers,God of Thunder,Hammer,Chris Hemsworth
The Avengers,Natasha Romanoff,Black Widow,Scarlett Johansson
The Avengers,Clint Barton,Hawkeye,Jeremy Renner
The Avengers,Loki,God of mischief,Tom Hiddleston
The Avengers,Agent Coulson,Phil Coulson,Clark Gregg
The Avengers,Maria Hill,,Cobie Smulders
The Avengers,Erik Selvig,,Stellan SkarsgårdFF
The Avengers,Nick Fury,Director Fury,Samuel L. Jackson
The Avengers,Pepper Potts,,Gwyneth Paltrow
The Avengers,JARVIS,,Paul Bettany
The Avengers,Pat Kiernan,,Pat Kiernan
The Avengers,Thomas Roberts,,Thomas Roberts
Marvel One-Shot: Item 47,Claire Weiss,,Lizzy Caplan
Marvel One-Shot: Item 47,Bennie Pollock,,Jesse Bradford
Marvel One-Shot: Item 47,Agent Sitwell,,Maximiliano Hernández
Marvel One-Shot: Item 47,Agent Blake,,Titus Welliver
Iron Man 3,Tony Stark,Iron Man,Robert Downey Jr.
Iron Man 3,Pepper Potts,,Gwyneth Paltrow
Iron Man 3,James Rhodes,War Machine,Don Cheadle
Iron Man 3,Aldrich Killian,Mandarin,Guy Pearce
Iron Man 3,Maya Hansen,,Rebecca Hall
Iron Man 3,Happy Hogan,,Jon Favreau
Iron Man 3,Trevor Slattery,,Ben Kingsley
Iron Man 3,Savin,,James Badge Dale
Iron Man 3,Brandt,,Stephanie Szostak
Iron Man 3,JARVIS,,Paul Bettany
Iron Man 3,President Ellis,,William Sadler
Iron Man 3,Mrs. Davis,,Dale Dickey
Iron Man 3,Harley Keener,,Ty Simpkins
Iron Man 3,Pat Kiernan,,Pat Kiernan
Iron Man 3,Thomas Roberts,,Thomas Roberts
Marvel One-Shot: All Hail the King,Trevor Slattery,,Ben Kingsley
Marvel One-Shot: All Hail the King,Jackson Norris,,Scoot McNairy
Marvel One-Shot: All Hail the King,Herman,,Lester Speight
Marvel One-Shot: All Hail the King,Justin Hammer,,Sam Rockwell
Marvel One-Shot: All Hail the King,White Power Dave,,Matt Gerald
Marvel One-Shot: All Hail the King,Fletcher Heggs,,Allen Maldonado
Agents of S.H.I.E.L.D.,Agent Coulson,Phil Coulson,Clark Gregg
Agents of S.H.I.E.L.D.,Melinda May,,Ming-Na Wen
Agents of S.H.I.E.L.D.,Daisy 'Skye' Johnson,,Chloe Bennet
Agents of S.H.I.E.L.D.,Jemma Simmons,,Elizabeth Henstridge
Agents of S.H.I.E.L.D.,Leo Fitz,,Iain De Caestecker
Agents of S.H.I.E.L.D.,Alphonso 'Mack' Mackenzie,,Henry Simmons
Agents of S.H.I.E.L.D.,Grant Ward,,Brett Dalton
Agents of S.H.I.E.L.D.,Elena 'Yo-Yo' Rodriguez,,Natalia Cordova-Buckley
Agents of S.H.I.E.L.D.,Deke Shaw,,Jeff Ward
Agents of S.H.I.E.L.D.,Lance Hunter,,Nick Blood
Agents of S.H.I.E.L.D.,Bobbi Morse,,Adrianne Palicki
Agents of S.H.I.E.L.D.,Lincoln Campbell,,Luke Mitchell
Agents of S.H.I.E.L.D.,Holden Radcliffe,,John Hannah
Agents of S.H.I.E.L.D.,Agent Davis,,Maximilian Osinski
Agents of S.H.I.E.L.D.,Enoch,,Joel Stoffer
Agents of S.H.I.E.L.D.,Glenn Talbot,,Adrian Pasdar
Agents of S.H.I.E.L.D.,Antoine Triplett,,B.J. Britt
Agents of S.H.I.E.L.D.,Agent Piper,,Briana Venskus
Agents of S.H.I.E.L.D.,Aida,,Mallory Jansen
Agents of S.H.I.E.L.D.,Raina,,Ruth Negga
Agents of S.H.I.E.L.D.,Jeffrey Mace,,Jason O'Mara
Agents of S.H.I.E.L.D.,Calvin Zabo,,Kyle MacLachlan
Agents of S.H.I.E.L.D.,Mike Peterson,Deathlok,J. August Richards
Agents of S.H.I.E.L.D.,Sunil Bakshi,,Simon Kassianides
Agents of S.H.I.E.L.D.,Gideon Malick,,Powers Boothe
Agents of S.H.I.E.L.D.,Jiaying,,Dichen Lachman
Agents of S.H.I.E.L.D.,Gordon,,Jamie Harris
Agents of S.H.I.E.L.D.,Giyera,,Mark Dacascos
Agents of S.H.I.E.L.D.,General Hale,,Catherine Dent
Agents of S.H.I.E.L.D.,Daniel Sousa,,Enver Gjokaj
Agents of S.H.I.E.L.D.,Andrew Garner,,Blair Underwood
Agents of S.H.I.E.L.D.,Ghost Rider,,Gabriel Luna
Agents of S.H.I.E.L.D.,Anton Ivanov,,Zach McGowan
Agents of S.H.I.E.L.D.,Daniel Whitehall,,Reed Diamond
Agents of S.H.I.E.L.D.,Carl Creel,,Brian Patrick Wade
Agents of S.H.I.E.L.D.,Flint,,Coy Stewart
Agents of S.H.I.E.L.D.,Agent Weaver,,Christine Adams
Agents of S.H.I.E.L.D.,Nathaniel Malick,,Thomas E. Sullivan
Agents of S.H.I.E.L.D.,Kasius,,Dominic Rains
Agents of S.H.I.E.L.D.,Ian Quinn,,David Conrad
Agents of S.H.I.E.L.D.,Sinara,,Florence Faivre
Agents of S.H.I.E.L.D.,Agent Sitwell,,Maximiliano Hernández
Agents of S.H.I.E.L.D.,Maria Hill,,Cobie Smulders
Agents of S.H.I.E.L.D.,Sif,Lady Sif,Jaimie Alexander
Agents of S.H.I.E.L.D.,Peggy Carter,,Hayley Atwell
Agents of S.H.I.E.L.D.,Nick Fury,Director Fury,Samuel L. Jackson
Agents of S.H.I.E.L.D.,Timothy 'Dum Dum' Dugan,,Neal McDonough
Thor: The Dark World,God of Thunder,Hammer,Chris Hemsworth
Thor: The Dark World,Jane Foster,,Natalie Portman
Thor: The Dark World,Loki,God of mischief,Tom Hiddleston
Thor: The Dark World,Odin,God of war,Anthony Hopkins
Thor: The Dark World,Malekith,,Christopher Eccleston
Thor: The Dark World,Sif,Lady Sif,Jaimie Alexander
Thor: The Dark World,Fandral,,Zachary Levi
Thor: The Dark World,Volstagg,,Ray Stevenson
Thor: The Dark World,Hogun,Hogun the grim,Tadanobu Asano
Thor: The Dark World,Heimdall,,Idris Elba
Thor: The Dark World,Frigga,Queen Frigga,Rene Russo
Thor: The Dark World,Algrim,Kurse,Adewale Akinnuoye-Agbaje
Thor: The Dark World,Darcy Lewis,,Kat Dennings
Thor: The Dark World,Erik Selvig,,Stellan Skarsgård
Captain America: The Winter Soldier,Steve Rogers,Captain America,Chris Evans
Captain America: The Winter Soldier,Nick Fury,Director Fury,Samuel L. Jackson
Captain America: The Winter Soldier,Natasha Romanoff,Black Widow,Scarlett Johansson
Captain America: The Winter Soldier,Alexander Pierce,,Robert Redford
Captain America: The Winter Soldier,Bucky Barnes,Winter Soldier,Sebastian Stan
Captain America: The Winter Soldier,Sam Wilson,Falcon,Anthony Mackie
Captain America: The Winter Soldier,Maria Hill,,Cobie Smulders
Captain America: The Winter Soldier,Brock Rumlow,,Frank Grillo
Captain America: The Winter Soldier,Agent Sitwell,,Maximiliano Hernández
Captain America: The Winter Soldier,Peggy Carter,,Hayley Atwell
Captain America: The Winter Soldier,Dr. Arnim Zola,,Toby Jones
Captain America: The Winter Soldier,Jack Rollins,,Callan Mulvey
Captain America: The Winter Soldier,Senator Stern,,Garry Shandling
Captain America: The Winter Soldier,Georges Batroc,,Georges St-Pierre
Guardians of the Galaxy,Peter Quill,,Chris Pratt
Guardians of the Galaxy,Gamora,,Zoe Saldana
Guardians of the Galaxy,Drax,,Dave Bautista
Guardians of the Galaxy,Groot,,Vin Diesel
Guardians of the Galaxy,Rocket,,Bradley Cooper
Guardians of the Galaxy,Ronan,,Lee Pace
Guardians of the Galaxy,Yondu Udonta,,Michael Rooker
Guardians of the Galaxy,Nebula,,Karen Gillan
Guardians of the Galaxy,Korath,,Djimon Hounsou
Guardians of the Galaxy,Nova Prime,,Glenn Close
Guardians of the Galaxy,The Collector,,Benicio Del Toro
Guardians of the Galaxy,Meredith Quill,,Laura Haddock
Guardians of the Galaxy Vol. 2,Peter Quill,Star-Lord,Chris Pratt
Guardians of the Galaxy Vol. 2,Gamora,,Zoe Saldana
Guardians of the Galaxy Vol. 2,Drax,,Dave Bautista
Guardians of the Galaxy Vol. 2,Baby Groot,,Vin Diesel
Guardians of the Galaxy Vol. 2,Rocket,,Bradley Cooper
Guardians of the Galaxy Vol. 2,Yondu,,Michael Rooker
Guardians of the Galaxy Vol. 2,Nebula,,Karen Gillan
Guardians of the Galaxy Vol. 2,Mantis,,Pom Klementieff
Guardians of the Galaxy Vol. 2,Ego,,Kurt Russell
Guardians of the Galaxy Vol. 2,Ayesha,,Elizabeth Debicki
Guardians of the Galaxy Vol. 2,Taserface,,Chris Sullivan
Guardians of the Galaxy Vol. 2,Kraglin,On-Set Rocket,Sean Gunn
Guardians of the Galaxy Vol. 2,Meredith Quill,,Laura Haddock
I Am Groot,Baby Groot,,Vin Diesel
I Am Groot,Rocket,,Bradley Cooper
I Am Groot,Iwua,,Trevor Devall
Daredevil,Matt Murdock,Daredevil,Charlie Cox
Daredevil,Karen Page,,Deborah Ann Woll
Daredevil,Foggy Nelson,,Elden Henson
Daredevil,Wilson Fisk,kingpin,Vincent D'Onofrio
Daredevil,Mitchell Ellison,,Geoffrey Cantor
Daredevil,Frank Castle,Punisher,Jon Bernthal
Daredevil,Blake Tower,,Stephen Rider
Daredevil,Benjamin 'Dex' Poindexter,,Wilson Bethel
Daredevil,Father Lantom,,Peter McRobbie
Daredevil,Marci Stahl,,Amy Rutberg
Daredevil,Elektra Natchios,,Elodie Yung
Daredevil,Ben Urich,,Vondie Curtis-Hall
Daredevil,Claire Temple,,Rosario Dawson
Daredevil,Turk Barrett,,Rob Morgan
Daredevil,Benjamin Donovan,,Danny Johnson
Daredevil,Madame Gao,,Wai Ching Ho
Daredevil,Stick,,Scott Glenn
Daredevil,Jack Murdock,,John Patrick Hayden
Daredevil,Sergei,,David Vadim
Daredevil,Jerry,,Ray Iannicelli
Daredevil,Rosalie Carbone,,Annabella Sciorra
Daredevil,Jeri Hogarth,,Carrie-Anne Moss
Jessica Jones,Jessica Jones,,Krysten Ritter
Jessica Jones,Trish Walker,Hellcat,Rachael Taylor
Jessica Jones,Malcolm Ducasse,,Eka Darville
Jessica Jones,Jeri Hogarth,,Carrie-Anne Moss
Jessica Jones,Detective Costa,,John Ventimiglia
Jessica Jones,Kilgrave,Kevin Thompson,David Tennant
Jessica Jones,Dorothy,,Rebecca De Mornay
Jessica Jones,Oscar Arocho,,J.R. Ramirez
Jessica Jones,Alisa Jones,,Janet McTeer
Jessica Jones,Will Simpson,,Wil Traval
Jessica Jones,Erik Gelden,,Benjamin Walker
Jessica Jones,Gregory Sallinger,,Jeremy Bobb
Jessica Jones,Zaya Okonjo,,Tiffany Mack
Jessica Jones,Luke Cage,,Mike Colter
Jessica Jones,Inez Green,,Leah Gibson
Jessica Jones,Pam,,Susie Abromeit
Jessica Jones,Hope Shlottman,,Erin Moriarty
Jessica Jones,Kith Lyonne,,Sarita Choudhury
Jessica Jones,Wendy Ross-Hogarth,,Robin Weigert
Jessica Jones,Vido Arocho,,Kevin Chacon
Jessica Jones,Dr. Karl Malus,,Callum Keith Rennie
Jessica Jones,Griffin Sinclair,,Hal Ozsan
Jessica Jones,Albert Thompson,,Michael Siberry
Jessica Jones,Steven Benowitz,,Maury Ginsberg
Jessica Jones,Robyn,,Colby Minifie
Jessica Jones,Jackson,,Ryan Farrell
Jessica Jones,Donald,,Paul Pryce
Jessica Jones,Ruben,,Kieran Mulcare
Jessica Jones,Shane,,Eden Marryshow
Jessica Jones,Det. Oscar Clemons,,Clarke Peters
Jessica Jones,Young Jessica,,Elizabeth Cappuccino
Jessica Jones,Sharon,,Chris McGinn
Jessica Jones,Clair,,Danielle Ferland
Jessica Jones,Emma,,Gillian Glasco
Jessica Jones,Louise Thompson,,Lisa Emery
Jessica Jones,Peter Lyonne,,John Benjamin Hickey
Jessica Jones,Linda Chao,,Angel Desai
Jessica Jones,Andrew Brandt,,Matt Weiss
Jessica Jones,Reva Connors,,Parisa Fitz-Henley
Jessica Jones,Thembi Wallace,,Tijuana Ricks
Jessica Jones,Robert 'Whizzer' Coleman,,Jay Klaitz
Jessica Jones,Dr. Kozlov,,Thomas Kopache
Jessica Jones,Maximillian 'Max' Tatum,,James McCaffrey
Jessica Jones,Claire Temple,,Rosario Dawson
Jessica Jones,Foggy Nelson,,Elden Henson
Jessica Jones,Luanne,,LeeAnne Hutchison
Jessica Jones,Audrey Eastman,,Jessica Hecht
Jessica Jones,Marilyn,,Jennifer Fouche
Jessica Jones,Carlo Eastman,,Ricky Paull Goldin
Jessica Jones,Justis Ambrose,,Mel Johnson Jr.
Jessica Jones,Dr. Leslie Hansen,,Renata Hinrichs
Jessica Jones,Sal Blaskowski,,Barbara Tirrell
Jessica Jones,Dwayne Blaskowski,,Airon Armstrong
Jessica Jones,Alisa Jones,,Miriam Shor
Jessica Jones,Bob Shlottman,,Ian Blackman
Jessica Jones,Barbara Shlottman,,Deborah Hedwall
Jessica Jones,Doctor David Kurata,,Thom Sesma
Jessica Jones,Eric Ambrose,,Da'Vinchi
Avengers: Age of Ultron,Tony Stark,Iron Man,Robert Downey Jr.
Avengers: Age of Ultron,Thor,God of Thunder,Chris Hemsworth
Avengers: Age of Ultron,Bruce Banner,Hulk,Mark Ruffalo
Avengers: Age of Ultron,Steve Rogers,Captain America,Chris Evans
Avengers: Age of Ultron,Natasha Romanoff,Black Widow,Scarlett Johansson
Avengers: Age of Ultron,Clint Barton,Hawkeye,Jeremy Renner
Avengers: Age of Ultron,Ultron,,James Spader
Avengers: Age of Ultron,Nick Fury,Director Fury,Samuel L. Jackson
Avengers: Age of Ultron,James Rhodes,War Machine,Don Cheadle
Avengers: Age of Ultron,Pietro Maximoff,Quicksilver,Aaron Taylor-Johnson
Avengers: Age of Ultron,Wanda Maximoff,Scarlet Witch,Elizabeth Olsen
Avengers: Age of Ultron,Jarvis,Vision,Paul Bettany
Avengers: Age of Ultron,Maria Hill,,Cobie Smulders
Avengers: Age of Ultron,Sam Wilson,The Falcon,Anthony Mackie
Avengers: Age of Ultron,Heimdall,,Idris Elba
Avengers: Age of Ultron,Laura Barton,,Linda Cardellini
Avengers: Age of Ultron,Erik Selvig,,Stellan Skarsgård
Avengers: Age of Ultron,Dr. Helen Cho,,Claudia Kim
Avengers: Age of Ultron,Strucker,,Thomas Kretschmann
Avengers: Age of Ultron,Ulysses Klaue,,Andy Serkis
Avengers: Age of Ultron,Friday,,Kerry Condon
WHIH News Front,Christine Everhart,,Leslie Bibb
WHIH News Front,Will Adams,,Al Madrigal
WHIH News Front,Scott Lang,,Paul Rudd
WHIH News Front,President Ellis,,William Sadler
WHIH News Front,Darren Cross,,Corey Stoll
Ant-Man,Scott Lang,Ant-Man,Paul Rudd
Ant-Man,Dr. Hank Pym,,Michael Douglas
Ant-Man,Hope Van Dyne,Wasp,Evangeline Lilly
Ant-Man,Darren Cross,Yellowjacket,Corey Stoll
Ant-Man,Paxton,,Bobby Cannavale
Ant-Man,Sam Wilson,Falcon,Anthony Mackie
Ant-Man,Maggie, Cassie's mother,Judy Greer
Ant-Man,Cassie Lang,,Abby Ryder Fortson
Ant-Man,Luis,,Michael Peña
Ant-Man,Kurt,,David Dastmalchian
Ant-Man,Dave,,T.I.
Ant-Man,Dale,,Gregg Turkington
Ant-Man,Frank,,Joe Chrest
Ant-Man,Janet Van Dyne,The Wasp,Hayley Lovitt
Luke Cage,Carl Lucas,Luke Cage,Mike Colter
Luke Cage,Misty Knight,,Simone Missick
Luke Cage,Hernan Alvarez,Shades,Theo Rossi
Luke Cage,Mariah Dillard,,Alfre Woodard
Luke Cage,Detective Mark Bailey,,Justin Swain
Luke Cage,Inspector Priscilla Ridley,,Karen Pittman
Luke Cage,Bobby Fish,,Ron Cephas Jones
Luke Cage,D.W. Griffith,,Jeremiah Craft
Luke Cage,Claire Temple,,Rosario Dawson
Luke Cage,Tilda Johnson,,Gabrielle Dennis
Luke Cage,Captain Tom Ridenhour,,Peter Jay Fernandez
Luke Cage,Comanche,,Thomas Q. Jones
Luke Cage,Anansi,,Sahr Ngaujah
Luke Cage,Detective Nandi Tyler,,Antonique Smith
Luke Cage,James Lucas,,Reg E. Cathey
Luke Cage,Willis Stryker,Diamondback,Erik LaRay Harvey
Luke Cage,Detective Rafael Scarfe,,Frank Whaley
Luke Cage,Benjamin Donovan,,Danny Johnson
Luke Cage,Thembi Wallace,,Tijuana Ricks
Luke Cage,Cornell Stokes,Cottonmouth,Mahershala Ali
Luke Cage,Domingo Colon,,Jacob Vargas
Luke Cage,Raymond 'Piranha' Jones,,Chaz Lamar Shepherd
Luke Cage,Dr. Noah Burstein,,Michael Kostroff
Luke Cage,Dontrell 'Cockroach' Hamilton,,Dorian Missick
Luke Cage,Reva Connors,,Parisa Fitz-Henley
Luke Cage,Wilfredo 'Chico' Diaz,,Brian Marc
Luke Cage,Captain Betty Audrey,,Sonja Sohn
Luke Cage,Lieutenant Perez,,Manny Perez
Luke Cage,Turk Barrett,,Rob Morgan
Luke Cage,Henry 'Pop' Hunter,,Frankie Faison
Luke Cage,Mama Mabel,,LaTanya Richardson Jackson
Luke Cage,'Pistol Pete' Stokes,,Curtiss Cook
Luke Cage,Shameek Smith,,Jermel Howard
Luke Cage,Rosalie Carbone,,Annabella Sciorra
Luke Cage,Dante Chapman,,Hugues Faustin
Luke Cage,Mouse,,Stefan Holdbrook
Luke Cage,Danny Rand,The Immortal Iron Fist,Finn Jones
Luke Cage,Albert Rackham,,Chance Kelly
Luke Cage,Colleen Wing,,Jessica Henwick
Luke Cage,Foggy Nelson,,Elden Henson
Luke Cage,Trish Walker,,Rachael Taylor
Luke Cage,Dana Stryker,,Natalie Paul
Captain America: Civil War,Steve Rogers,Captain America,Chris Evans
Captain America: Civil War,Tony Stark,Iron Man,Robert Downey Jr.
Captain America: Civil War,Natasha Romanoff,Black Widow,Scarlett Johansson
Captain America: Civil War,Bucky Barnes,Winter Soldier,Sebastian Stan
Captain America: Civil War,Sam Wilson,Falcon,Anthony Mackie
Captain America: Civil War,James Rhodes,War Machine,Don Cheadle
Captain America: Civil War,Clint Barton,Hawkeye,Jeremy Renner
Captain America: Civil War,T'Challa,Black Panther,Chadwick Boseman
Captain America: Civil War,Vision,,Paul Bettany
Captain America: Civil War,Wanda Maximoff,Scarlet Witch,Elizabeth Olsen
Captain America: Civil War,Scott Lang,Ant-Man,Paul Rudd
Captain America: Civil War,Sharon Carter,,Emily VanCamp
Captain America: Civil War,Peter Parker,Spider-Man,Tom Holland
Captain America: Civil War,Zemo,,Daniel Brühl
Captain America: Civil War,Brock Rumlow,Crossbones,Frank Grillo
Captain America: Civil War,Secretary Ross,,William Hurt
Captain America: Civil War,Everett K. Ross,,Martin Freeman
Captain America: Civil War,May Parker,Aunt May,Marisa Tomei
Captain America: Civil War,King T'Chaka,,John Kani
Captain America: Civil War,Howard Stark,,John Slattery
Captain America: Civil War,Friday,,Kerry Condon
Black Widow,Natasha Romanoff,Black Widow,Scarlett Johansson
Black Widow,Yelena Belova,,Florence Pugh
Black Widow,Melina,,Rachel Weisz
Black Widow,Alexei,Red Guardian,David Harbour
Black Widow,Dreykov,,Ray Winstone
Black Widow,Mason,,O-T Fagbenle
Black Widow,Secretary Ross,,William Hurt
Black Widow,Antonia,Taskmaster,Olga Kurylenko
Black Panther,T'Challa,Black Panther,Chadwick Boseman
Black Panther,Erik Killmonger,Killmonger,Michael B. Jordan
Black Panther,Nakia,,Lupita Nyong'o
Black Panther,Okoye,,Danai Gurira
Black Panther,Everett K. Ross,,Martin Freeman
Black Panther,W'Kabi,,Daniel Kaluuya
Black Panther,Shuri,,Letitia Wright
Black Panther,M'Baku,,Winston Duke
Black Panther,N'Jobu,,Sterling K. Brown
Black Panther,Ramonada,,Angela Bassett
Black Panther,Zuri,,Forest Whitaker
Black Panther,Ulysses Klaue,,Andy Serkis
Black Panther,T'Chaka,,John Kani
Iron Fist,Danny Rand,Iron Fist,Finn Jones
Iron Fist,Colleen Wing,,Jessica Henwick
Iron Fist,Joy Meachum,,Jessica Stroup
Iron Fist,Ward Meachum,,Tom Pelphrey
Iron Fist,Davos,,Sacha Dhawan
Iron Fist,Harold Meachum,,David Wenham
Iron Fist,Mary Walker,,Alice Eve
Iron Fist,Madame Gao,,Wai Ching Ho
Iron Fist,BB,,Giullian Yao Gioiello
Iron Fist,Misty Knight,,Simone Missick
Iron Fist,Bethany,,Natalie Smith
Iron Fist,Hai-Qing Yang,,Henry Yuk
Iron Fist,Claire Temple,,Rosario Dawson
Iron Fist,Bakuto,,Ramón Rodríguez
Iron Fist,Darryl,,Marquis Rodriguez
Iron Fist,Wendell Rand,,David Furr
Iron Fist,Jeri Hogarth,,Carrie-Anne Moss
Iron Fist,Paul Edmonds,,Murray Bartlett
Iron Fist,Radovan Bernivig,,Olek Krupa
Iron Fist,Carlos,,Robert Mauzell
Iron Fist,Lei Kung,,Hoon Lee
Iron Fist,Ringmaster,,Craig Geraghty
Inhumans,Black Bolt,,Anson Mount
Inhumans,Medusa,,Serinda Swan
Inhumans,Karnak,,Ken Leung
Inhumans,Gorgon,,Eme Ikwuakor
Inhumans,Crystal,,Isabelle Cornish
Inhumans,Louise,,Ellen Woglom
Inhumans,Maximus,,Iwan Rheon
Inhumans,Auran,,Sonya Balmores
Inhumans,Dr. Evan Declan,,Henry Ian Cusick
Inhumans,Bronaja,,Ari Dalbert
Inhumans,Sammy,,Faleolo Alailima
Inhumans,Mordis,,Bridger Zadina
Inhumans,Tibor,,Ptolemy Slocum
Inhumans,Dave,,Chad James Buchanan
Inhumans,Triton,,Mike Moh
Inhumans,Kitang,,Marco Rodríguez
Inhumans,King Agon,,Michael Buie
Inhumans,Queen Rynda,,Tanya Clarke
Inhumans,Jen,,Jamie Gray Hyder
Inhumans,Reno,,Michael Trotter
Inhumans,Audrey,,Liv Hewson
Inhumans,Eldrac,,Moses Goods
Inhumans,Locus,,Sumire
Spider-Man: Homecoming,Peter Parker,Spider-Man,Tom Holland
Spider-Man: Homecoming,Adrian Toomes,Vulture,Michael Keaton
Spider-Man: Homecoming,Tony Stark,Iron Man,Robert Downey Jr.
Spider-Man: Homecoming,May Parker,Aunt May,Marisa Tomei
Spider-Man: Homecoming,Happy Hogan,,Jon Favreau
Spider-Man: Homecoming,Pepper Potts,,Gwyneth Paltrow
Spider-Man: Homecoming,MJ,,Zendaya
Spider-Man: Homecoming,Aaron Davis,,Donald Glover
Spider-Man: Homecoming,Ned,,Jacob Batalon
Spider-Man: Homecoming,Liz,,Laura Harrier
Spider-Man: Homecoming,Herman Schultz,Shocker #2,Bokeem Woodbine
The Defenders,Matt Murdock,Daredevil,Charlie Cox
The Defenders,Jessica Jones,,Krysten Ritter
The Defenders,Luke Cage,,Mike Colter
The Defenders,Danny Rand,,Finn Jones
The Defenders,Elektra Natchios,,Elodie Yung
The Defenders,Colleen Wing,,Jessica Henwick
The Defenders,Stick,,Scott Glenn
The Defenders,Alexandra Reid,,Sigourney Weaver
The Defenders,Claire Temple,,Rosario Dawson
The Defenders,Madame Gao,,Wai Ching Ho
The Defenders,Foggy Nelson,,Elden Henson
The Defenders,Misty Knight,,Simone Missick
The Defenders,Murakami,,Yutaka Takeuchi
The Defenders,Malcolm Ducasse,,Eka Darville
The Defenders,Bakuto,,Ramón Rodríguez
The Defenders,Trish Walker,,Rachael Taylor
The Defenders,Karen Page,,Deborah Ann Woll
The Defenders,Sowande,,Babs Olusanmokun
The Defenders,Jeri Hogarth,,Carrie-Anne Moss
The Defenders,Turk Barrett,,Rob Morgan
The Defenders,Mr. Berkowitz,,Simon Feil
The Punisher,Frank Castle,,Jon Bernthal
The Punisher,Dinah Madani,,Amber Rose Revah
The Punisher,Billy Russo,,Ben Barnes
The Punisher,Curtis Hoyle,,Jason R. Moore
The Punisher,David Lieberman,,Ebon Moss-Bachrach
The Punisher,Krista Dumont,,Floriana Lima
The Punisher,John Pilgrim,,Josh Stewart
The Punisher,William Rawlins,,Paul Schulze
The Punisher,Sam Stein,,Michael Nathanson
The Punisher,Det. Sgt. Brett Mahoney,,Royce Johnson
The Punisher,Karen Page,,Deborah Ann Woll
The Punisher,Marion James,,Mary Elizabeth Mastrantonio
The Punisher,Eliza Schultz,,Annette O'Toole
The Punisher,David Schultz,,Todd Alan Crain
The Punisher,Carson Wolf,,C. Thomas Howell
The Punisher,O'Connor,,Delaney Williams
The Punisher,Ahmad Zubair,,Shezi Sardar
The Punisher,Senator Stan Ori,,Rick Holmes
The Punisher,Mitchell Ellison,,Geoffrey Cantor
The Punisher,Turk Barrett,,Rob Morgan
The Punisher,Sheriff Hardin,,Joe Holt
The Punisher,Wendy,,Kara Young
The Punisher,Col. Morty Bennett,,Andrew Polk
The Punisher,Rick,,Johnny Pozzi
Doctor Strange,Dr. Stephen Strange,Doctor Strange,Benedict Cumberbatch
Doctor Strange,Baron Mordo,,Chiwetel Ejiofor
Doctor Strange,Dr. Christine Palmer,,Rachel McAdams
Doctor Strange,Wong,,Benedict Wong
Doctor Strange,Kaecilius,,Mads Mikkelsen
Doctor Strange,The Ancient One,,Tilda Swinton
Doctor Strange,Jonathan Pangborn,,Benjamin Bratt
Doctor Strange,Daniel Drumm,,Mark Anthony Brighton
Cloak & Dagger,Dagger,,Olivia Holt
Cloak & Dagger,Cloak,,Aubrey Joseph
Cloak & Dagger,Adina Johnson,,Gloria Reuben
Cloak & Dagger,Detective Brigid O'Reilly,,Emma Lahana
Cloak & Dagger,Melissa Bowen,,Andrea Roth
Cloak & Dagger,Detective Connors,,JD Evermore
Cloak & Dagger,Evita Fusilier,,Noëlle Renée Bercy
Cloak & Dagger,Otis Johnson,,Miles Mussenden
Cloak & Dagger,Auntie Chantelle,,Angela Davis
Cloak & Dagger,Nathan Bowen,,Andy Dylan
Cloak & Dagger,Lia,,Dilshad Vadsaria
Cloak & Dagger,Mina Hess,,Ally Maki
Cloak & Dagger,Andre Deschaine,,Brooklyn McLinn
Cloak & Dagger,Officer Fuchs,,Lane Miller
Cloak & Dagger,Liam Walsh,,Carl Lundstedt
Cloak & Dagger,Solomon,,Joshua J. Williams
Cloak & Dagger,Peter Scarborough,,Wayne Pére
Cloak & Dagger,Mikayla Bell,,Cecilia Leal
Cloak & Dagger,Duane Porter,,Dalon J. Holland
Cloak & Dagger,Ivan Hess,,Tim Kang
Cloak & Dagger,Choo Choo Broussard,,Gralen Bryant Banks
Agents of S.H.I.E.L.D.: Slingshot,Elena 'Yo-Yo' Rodriguez,,Natalia Cordova-Buckley
Agents of S.H.I.E.L.D.: Slingshot,Colonel Victor Ramon,,Yancey Arias
Agents of S.H.I.E.L.D.: Slingshot,Daisy Johnson,,Chloe Bennet
Agents of S.H.I.E.L.D.: Slingshot,Melinda May,,Ming-Na Wen
Agents of S.H.I.E.L.D.: Slingshot,Alpha Dog,,Dale Pavinski
Agents of S.H.I.E.L.D.: Slingshot,Agent Coulson,,Clark Gregg
Agents of S.H.I.E.L.D.: Slingshot,Jeffrey Mace,,Jason O'Mara
Agents of S.H.I.E.L.D.: Slingshot,Leo Fitz,,Iain De Caestecker
Agents of S.H.I.E.L.D.: Slingshot,Jemma Simmons,,Elizabeth Henstridge
Agents of S.H.I.E.L.D.: Slingshot,Alphonso 'Mack' Mackenzie,,Henry Simmons
Agents of S.H.I.E.L.D.: Slingshot,Agent Anderson,,Alexander Wraith
Thor: Ragnarok,Thor,God of Thunder,Chris Hemsworth
Thor: Ragnarok,Loki,God of Mischief,Tom Hiddleston
Thor: Ragnarok,Hela,Goddess of death,Cate Blanchett
Thor: Ragnarok,Heimdall,,Idris Elba
Thor: Ragnarok,Grandmaster,,Jeff Goldblum
Thor: Ragnarok,Valkyrie,,Tessa Thompson
Thor: Ragnarok,Skurge,,Karl Urban
Thor: Ragnarok,Bruce Banner,Hulk,Mark Ruffalo
Thor: Ragnarok,Odin,,Anthony Hopkins
Thor: Ragnarok,Dr. Stephen Strange,Doctor Strange,Benedict Cumberbatch
Thor: Ragnarok,Korg,,Taika Waititi
Thor: Ragnarok,Topaz,,Rachel House
Thor: Ragnarok,Surtur,,Clancy Brown
Thor: Ragnarok,Hogun,Hogun the grim,Tadanobu Asano
Thor: Ragnarok,Volstagg,,Ray Stevenson
Thor: Ragnarok,Fandral,,Zachary Levi
Runaways,Alex Wilder,,Rhenzy Feliz
Runaways,Nico Minoru,,Lyrica Okano
Runaways,Karolina Dean,,Virginia Gardner
Runaways,Gert Yorkes,,Ariela Barer
Runaways,Chase Stein,,Gregg Sulkin
Runaways,Molly Hernandez,,Allegra Acosta
Runaways,Catherine Wilder,,Angel Parker
Runaways,Geoffrey Wilder,,Ryan Sands
Runaways,Janet Stein,,Ever Carradine
Runaways,Victor Stein,,James Marsters
Runaways,Stacey Yorkes,,Brigid Brannagh
Runaways,Dale Yorkes,,Kevin Weisman
Runaways,Robert Minoru,,James Yaegashi
Runaways,Leslie Dean,,Annie Wersching
Runaways,Tina Minoru,,Brittany Ishibashi
Runaways,Frank Dean,,Kip Pardue
Runaways,Jonah,,Julian McMahon
Runaways,Xavin,,Clarissa Thibeaux
Runaways,Tamar,,Ozioma Akagha
Runaways,Vaughn,,Cody Mayo
Runaways,Darius,,DeVaughn Nixon
Runaways,Frances,,Heather Olt
Runaways,Aura,,Patricia Lentz
Runaways,Morgan le Fay,,Elizabeth Hurley
Runaways,Anthony 'AWOL' Wall,,Myles Bullock
Runaways,Eiffel,,Danielle Campbell
Runaways,Livvie,,Ajiona Alexus
Runaways,Detective Flores,,Alex Fernandez
Runaways,Bronwyn,,Scarlett Hefner
Runaways,Destiny Gonzalez,,Nicole Wolf
Runaways,Amy Minoru,,Amanda Suk
Runaways,Millennial Megan,,Helen Madelyn Kim
Runaways,Susan Ellerh,,Kathleen Quinlan
Runaways,Topher,,Jan Luis Castellanos
Runaways,Graciela Aguirre,,Marlene Forte
Runaways,Mike on a Bike,,Ryan Dorsey
Runaways,Dagger,,Olivia Holt
Runaways,Cloak,,Aubrey Joseph
Ant-Man and the Wasp,Scott Lang,Ant-Man,Paul Rudd
Ant-Man and the Wasp,Hope Van Dyne,Wasp,Evangeline Lilly
Ant-Man and the Wasp,Luis,,Michael Peña
Ant-Man and the Wasp,Sonny Burch,,Walton Goggins
Ant-Man and the Wasp,Paxton,,Bobby Cannavale
Ant-Man and the Wasp,Dave,,T.I.
Ant-Man and the Wasp,Kurt,,David Dastmalchian
Ant-Man and the Wasp,Ava,Ghost,Hannah John-Kamen
Ant-Man and the Wasp,Jimmy Woo,,Randall Park
Ant-Man and the Wasp,Janet Van Dyne,Wasp,Michelle Pfeiffer
Ant-Man and the Wasp,Dr. Bill Foster,,Laurence Fishburne
Ant-Man and the Wasp,Dr. Hank Pym,,Michael Douglas
Avengers: Infinity War,Tony Stark,Iron Man,Robert Downey Jr.
Avengers: Infinity War,Thor,God of Thunder,Chris Hemsworth
Avengers: Infinity War,Bruce Banner,Hulk,Mark Ruffalo
Avengers: Infinity War,Steve Rogers,Captain America,Chris Evans
Avengers: Infinity War,Natasha Romanoff,Black Widow,Scarlett Johansson
Avengers: Infinity War,James Rhodes,War Machine,Don Cheadle
Avengers: Infinity War,Dr. Stephen Strange,Doctor Strange,Benedict Cumberbatch
Avengers: Infinity War,Peter Parker,Spider-Man,Tom Holland
Avengers: Infinity War,T'Challa,Black Panther,Chadwick Boseman
Avengers: Infinity War,Gamora,,Zoe Saldana
Avengers: Infinity War,Nebula,,Karen Gillan
Avengers: Infinity War,Loki,God of mischief,Tom Hiddleston
Avengers: Infinity War,Vision,,Paul Bettany
Avengers: Infinity War,Wanda Maximoff,Scarlet Witch,Elizabeth Olsen
Avengers: Infinity War,Sam Wilson,Falcon,Anthony Mackie
Avengers: Infinity War,Bucky Barnes,Winter Soldier,Sebastian Stan
Avengers: Infinity War,Heimdall,,Idris Elba
Avengers: Infinity War,Okoye,,Danai Gurira
Avengers: Infinity War,Eitri,,Peter Dinklage
Avengers: Infinity War,Wong,,Benedict Wong
Avengers: Infinity War,Mantis,,Pom Klementieff
Avengers: Infinity War,Drax,,Dave Bautista
Avengers: Infinity War,Groot,,Vin Diesel
Avengers: Infinity War,Rocket,,Bradley Cooper
Avengers: Infinity War,Pepper Potts,,Gwyneth Paltrow
Avengers: Infinity War,The Collector,,Benicio Del Toro
Avengers: Infinity War,Thanos,,Josh Brolin
Avengers: Infinity War,Peter Quill,Star-Lord,Chris Pratt
Avengers: Infinity War,On-Set Rocket,,Sean Gunn
Avengers: Infinity War,Secretary Ross,,William Hurt
Avengers: Infinity War,Shuri,,Letitia Wright
Avengers: Infinity War,Cull Obsidian,On-Set Groot,Terry Notary
Avengers: Infinity War,Ebony Maw,,Tom Vaughan-Lawlor
Avengers: Infinity War,Proxima Midnight,,Carrie Coon
Avengers: Infinity War,Corvus Glaive,,Michael James Shaw
Avengers: Infinity War,M'Baku,,Winston Duke
Avengers: Infinity War,Ayo,,Florence Kasumba
Avengers: Infinity War,Friday,,Kerry Condon
Avengers: Infinity War,Ned,,Jacob Batalon
Avengers: Infinity War,Tiny,,Ethan Dizon
Avengers: Infinity War,Johann Schmidt, Red Skull (Stonekeeper),Ross Marquand
Helstrom,Daimon Helstrom,,Tom Austen
Helstrom,Ana Helstrom,,Sydney Lemmon
Helstrom,Victoria Helstrom,,Elizabeth Marvel
Helstrom,Gabriella Rosetti,,Ariana Guerra
Helstrom,Dr. Louise Hastings,,June Carryl
Helstrom,Chris Yen,,Alain Uy
Helstrom,Keith Spivey,,Daniel Cudmore
Helstrom,Father Joshua Crow,,Trevor Roberts
Helstrom,Finn,,David Meunier
Helstrom,Esther,,Deborah Van Valkenburgh
Helstrom,Bryce,,Zachary S. Williams
Helstrom,Officer Derrick Jackson,,Hamza Fouad
Helstrom,Ellis,,Shayn Walker
Helstrom,Jolene Spivey,,Samantha Sloyan
Helstrom,Alex Tilden,,Sandy Robson
Helstrom,Archbishop Terrazi,,Tom Everett
Helstrom,Cameron Tate,,Kyle Warren
Helstrom,Lee,,Tarun Keram
Helstrom,Kthara,,Fiona Dourif
Helstrom,Papa,,Mitch Pileggi
Helstrom,Aubree Richards,,Camille Sullivan
Avengers: Endgame,Tony Stark,Iron Man,Robert Downey Jr.
Avengers: Endgame,Steve Rogers,Captain America,Chris Evans
Avengers: Endgame,Bruce Banner,Hulk,Mark Ruffalo
Avengers: Endgame,Thor,God of Thunder,Chris Hemsworth
Avengers: Endgame,Natasha Romanoff,Black Widow,Scarlett Johansson
Avengers: Endgame,Clint Barton,Hawkeye,Jeremy Renner
Avengers: Endgame,James Rhodes,War Machine,Don Cheadle
Avengers: Endgame,Scott Lang,Ant-Man,Paul Rudd
Avengers: Endgame,Dr. Stephen Strange,Doctor Strange,Benedict Cumberbatch
Avengers: Endgame,T'Challa,Black Panther,Chadwick Boseman
Avengers: Endgame,Carol Danvers,Captain Marvel,Brie Larson
Avengers: Endgame,Peter Parker,Spider-Man,Tom Holland
Avengers: Endgame,Nebula,,Karen Gillan
Avengers: Endgame,Gamora,,Zoe Saldana
Avengers: Endgame,Hope Van Dyne,Wasp,Evangeline Lilly
Avengers: Endgame,Valkyrie,,Tessa Thompson
Avengers: Endgame,Frigga,Queen Frigga,Rene Russo
Avengers: Endgame,Wanda Maximoff,Scarlet Witch,Elizabeth Olsen
Avengers: Endgame,Sam Wilson,Falcon,Anthony Mackie
Avengers: Endgame,Bucky Barnes,Winter Soldier,Sebastian Stan
Avengers: Endgame,Loki,God of mischief,Tom Hiddleston
Avengers: Endgame,Okoye,,Danai Gurira
Avengers: Endgame,Wong,,Benedict Wong
Avengers: Endgame,Mantis,,Pom Klementieff
Avengers: Endgame,Drax,,Dave Bautista
Avengers: Endgame,Shuri,,Letitia Wright
Avengers: Endgame,Howard Stark,,John Slattery
Avengers: Endgame,The Ancient One,,Tilda Swinton
Avengers: Endgame,Happy Hogan,,Jon Favreau
Avengers: Endgame,Peggy Carter,,Hayley Atwell
Avengers: Endgame,Jane Foster,,Natalie Portman
Avengers: Endgame,Aunt May,,Marisa Tomei
Avengers: Endgame,Korg,,Taika Waititi
Avengers: Endgame,Ramonada,,Angela Bassett
Avengers: Endgame,Hank Pym,,Michael Douglas
Avengers: Endgame,Janet Van Dyne,Wasp,Michelle Pfeiffer
Avengers: Endgame,Secretary Ross,,William Hurt
Avengers: Endgame,Maria Hill,,Cobie Smulders
Avengers: Endgame,On-Set Rocket,Kraglin,Sean Gunn
Avengers: Endgame,M'Baku,,Winston Duke
Avengers: Endgame,Laura Barton,,Linda Cardellini
Avengers: Endgame,Agent Sitwell,,Maximiliano Hernández
Avengers: Endgame,Brock Rumlow,,Frank Grillo
Avengers: Endgame,Akihiko,,Hiroyuki Sanada
Avengers: Endgame,Ebony Maw,,Tom Vaughan-Lawlor
Avengers: Endgame,Jarvis,,James D'Arcy
Avengers: Endgame,Ned,,Jacob Batalon
Avengers: Endgame,Groot,,Vin Diesel
Avengers: Endgame,Rocket,,Bradley Cooper
Avengers: Endgame,Pepper Potts,,Gwyneth Paltrow
Avengers: Endgame,Alexander Pierce,,Robert Redford
Avengers: Endgame,Thanos,,Josh Brolin
Avengers: Endgame,Peter Quill,Star-Lord,Chris Pratt
Avengers: Endgame,Nick Fury,Director Fury,Samuel L. Jackson
Avengers: Endgame,Morgan Stark,,Lexi Rabe
Avengers: Endgame,Johann Schmidt, Red Skull (Stonekeeper),Ross Marquand
Avengers: Endgame,Cassie Lang,,Emma Fuhrmann
Avengers: Endgame,Corvus Glaive,,Michael James Shaw
Avengers: Endgame,Friday,,Kerry Condon
Avengers: Endgame,Cooper Barton,,Ben Sakamoto
Avengers: Endgame,Lila Barton,,Ava Russo
Avengers: Endgame,Nathaniel Barton,,Cade Woodward
Loki,Loki,God of Mischief,Tom Hiddleston
Loki,Casey,,Eugene Cordero
Loki,Ravonna Renslayer,,Gugu Mbatha-Raw
Loki,Sylvie,,Sophia Di Martino
Loki,Mobius,,Owen Wilson
Loki,Hunter B-15,,Wunmi Mosaku
Loki,Miss Minutes,,Tara Strong
Loki,He Who Remains,,Jonathan Majors
What If...?,Uatu,The Watcher,Jeffrey Wright
What If...?,Nick Fury,Director Fury,Samuel L. Jackson
What If...?,T'Challa,Black Panther,Chadwick Boseman
What If...?,Tony stark,Iron Man,Mick Wingert
What If...?,Natasha Romanoff,Black Widow,Lake Bell
What If...?,Clint Barton,Hawkeye,Jeremy Renner
What If...?,Dr. Stephen Strange,Doctor Strange,Benedict Cumberbatch
What If...?,Brock Rumlow,Crossbones,Frank Grillo
What If...?,Steve Rogers,Captain America,Josh Keaton
What If...?,Okoye,,Danai Gurira
What If...?,Ultron,,Ross Marquand
What If...?,Loki,God of mischief,Tom Hiddleston
What If...?,Arnim Zola,,Toby Jones
What If...?,Carol Denvers,Captain Marvel,Alexandra Daniels
What If...?,Peggy Carter,,Hayley Atwell
What If...?,Happy Hogan,,Jon Favreau
What If...?,Bruce Banner,Hulk,Mark Ruffalo
What If...?,Erik Killmonger,Killmonger,Michael B. Jordan
What If...?,JARVIS,,Paul Bettany
What If...?,Nebula,,Karen Gillan
What If...?,God of Thunder,Hammer,Chris Hemsworth
What If...?,Agent Coulson,Phil Coulson,Clark Gregg
What If...?,Bucky Barnes,Winter soldier,Sebastian Stan
What If...?,Christine Everhart,Ms. Brown,Leslie Bibb
What If...?,T'Chaka,,John Kani
What If...?,Sif,Lady Sif,Jaimie Alexander
What If...?,Howard the Duck,,Seth Green
What If...?,Ego,,Kurt Russell
What If...?,Secretary Ross,,Michael Patrick McGill
What If...?,Peter Quill,,Brian T. Delaney
What If...?,Shuri,,Ozioma Akagha
What If...?,Ebony Maw,,Tom Vaughan-Lawlor
What If...?,Jane Foster,,Natalie Portman
What If...?,Dr. Christine Palmer,,Rachel McAdams
What If...?,Hank Pym,,Michael Douglas
What If...?,Yondu,,Michael Rooker
What If...?,Wong,,Benedict Wong
What If...?,Queen Ramonada,,Angela Bassett
What If...?,Darcy,,Kat Dennings
What If...?,The Ancient One,,Tilda Swinton
What If...?,Korath,,Djimon Hounsou
What If...?,Hope Van Dyne,Wasp,Evangeline Lilly
What If...?,Dr. Erskine,,Stanley Tucci
What If...?,Batroc,,Georges St-Pierre
What If...?,O'Bengh,,Ike Amadi
What If...?,Scott Lang,Ant-Man,Paul Rudd
What If...?,Ulysses Klaue,,Andy Serkis
What If...?,Grandmaster,,Jeff Goldblum
What If...?,Thanos,,Josh Brolin
What If...?,Howard Stark,,Dominic Cooper
What If...?,Maria Hill,,Cobie Smulders
What If...?,Colonel Flynn,,Bradley Whitford
What If...?,James Rhodes,,Don Cheadle
What If...?,The Collector,,Benicio Del Toro
What If...?,Betty Ross,,Stephanie Panisello
What If...?,Timothy 'Dum Dum' Dugan,,Neal McDonough
What If...?,Sharon Carter,,Emily VanCamp
What If...?,Kraglin,,Sean Gunn
What If...?,Gamora,,Cynthia Kaye McWilliams
What If...?,Korg,,Taika Waititi
What If...?,Kurt,,David Dastmalchian
What If...?,Taserface,,Chris Sullivan
What If...?,Peter Parker,Spider man,Hudson Thames
What If...?,Obadiah Stane,Iron monger/Obi,Kiff VandenHeuvel
What If...?,Pepper Potts,,Beth Hoyt
What If...?,Proxima Midnight,,Carrie Coon
What If...?,Frigga,Queen Frigga,Josette Eales
What If...?,Surtur,,Clancy Brown
Eternals,Sersi,,Gemma Chan
Eternals,Ikaris,,Richard Madden
Eternals,Thena,,Angelina Jolie
Eternals,Ajak,,Salma Hayek
Eternals,Dane Whitman,,Kit Harington
Eternals,Kingo,,Kumail Nanjiani
Eternals,Sprite,,Lia McHugh
Eternals,Phastos,,Brian Tyree Henry
Eternals,Makkari,,Lauren Ridloff
Eternals,Druig,,Barry Keoghan
Eternals,Gilgamesh,,Ma Dong-seok
Eternals,Karun,,Harish Patel
Eternals,Kro,,Bill Skarsgård
Eternals,Ben,,Haaz Sleiman
Eternals,Jack,,Esai Daniel Cross
Eternals,Eros,,Harry Styles
Eternals,Arishem,,David Kaye
WandaVision,Wanda Maximoff,Scarlett Witch,Elizabeth Olsen
WandaVision,Vision,,Paul Bettany
WandaVision,Agnes,,Kathryn Hahn
WandaVision,Monica Rambeau,,Teyonah Parris
WandaVision,Director Tyler Hayward,,Josh Stamberg
WandaVision,Herb,,David A Payton
WandaVision,Phil Jones,,David Lengel
WandaVision,Dennis the Mailman,,Amos Glick
WandaVision,Agent Rodriguez,,Selena Anduze
WandaVision,Jimmy Woo,,Randall Park
WandaVision,Darcy Lewis,,Kat Dennings
WandaVision,Mrs. Hart,,Debra Jo Rupp
WandaVision,Billy Maximoff,,Julian Hilliard
WandaVision,Tommy Maximoff,,Jett Klyne
WandaVision,Norm,,Asif Ali
WandaVision,Pietro Maximoff,,Evan Peters
WandaVision,Dottie Jones,,Emma Caulfield Ford
WandaVision,Agent Monti,,Alan Heckner
WandaVision,Beverly,,Jolene Purdy
Shang-Chi and the Legend of the Ten Rings,Shaun,Shang-Chi,Simu Liu
Shang-Chi and the Legend of the Ten Rings,Xu Wenwu,,Tony Chiu-Wai Leung
Shang-Chi and the Legend of the Ten Rings,Katy,,Awkwafina
Shang-Chi and the Legend of the Ten Rings,Trevor Slattery,,Ben Kingsley
Shang-Chi and the Legend of the Ten Rings,Xialing,,Meng'er Zhang
Shang-Chi and the Legend of the Ten Rings,Li,,Fala Chen
Shang-Chi and the Legend of the Ten Rings,Ying Nan,,Michelle Yeoh
Shang-Chi and the Legend of the Ten Rings,Master Guang Bo,,Wah Yuen
Shang-Chi and the Legend of the Ten Rings,Razor Fist,,Florian Munteanu
Shang-Chi and the Legend of the Ten Rings,Death Dealer,,Andy Le
Shang-Chi and the Legend of the Ten Rings,Chancellor Hui,,Paul W. He
Shang-Chi and the Legend of the Ten Rings,Young Xialing,,Elodie Fong
Shang-Chi and the Legend of the Ten Rings,Soo,,Stephanie Hsu
Shang-Chi and the Legend of the Ten Rings,John,,Kunal Dudheker
Shang-Chi and the Legend of the Ten Rings,Waipo,,Tsai Chin
Shang-Chi and the Legend of the Ten Rings,Mrs. Chen,,Jodi Long
Shang-Chi and the Legend of the Ten Rings,Ruihua,,Dallas Liu
Shang-Chi and the Legend of the Ten Rings,Jon Jon,,Ronny Chieng
Shang-Chi and the Legend of the Ten Rings,Yuchen,,Stella Ye
Shang-Chi and the Legend of the Ten Rings,Gao Lei,,Fernando Chien
Shang-Chi and the Legend of the Ten Rings,Klev,,Zach Cherry
The Falcon and the Winter Soldier,Sam Wilson,Falcon,Anthony Mackie
The Falcon and the Winter Soldier,Bucky Barnes,Winter Soldier,Sebastian Stan
The Falcon and the Winter Soldier,John Walker,,Wyatt Russell
The Falcon and the Winter Soldier,Karli Morgenthau,,Erin Kellyman
The Falcon and the Winter Soldier,Dovich,,Desmond Chiam
The Falcon and the Winter Soldier,Gigi,,Dani Deetté
The Falcon and the Winter Soldier,DeeDee,,Indya Bussey
The Falcon and the Winter Soldier,Baron Zemo,,Daniel Brühl
The Falcon and the Winter Soldier,Joaquin Torres,,Danny Ramirez
The Falcon and the Winter Soldier,Sarah Wilson,,Adepero Oduye
The Falcon and the Winter Soldier,Lennox,,Renes Rivera
The Falcon and the Winter Soldier,Diego,,Tyler Dean Flores
The Falcon and the Winter Soldier,Sharon Carter,,Emily VanCamp
The Falcon and the Winter Soldier,Battlestar,,Clé Bennett
The Falcon and the Winter Soldier,Nico,,Noah Mills
The Falcon and the Winter Soldier,Ayo,,Florence Kasumba
The Falcon and the Winter Soldier,Isaiah Bradley,,Carl Lumbly
The Falcon and the Winter Soldier,Georges Batroc,,Georges St-Pierre
The Falcon and the Winter Soldier,Dr. Christina Raynor,,Amy Aquino
The Falcon and the Winter Soldier,Cass,,Chase River McGhee
The Falcon and the Winter Soldier,AJ,,Aaron Haynes
The Falcon and the Winter Soldier,Eli Bradley,,Elijah Richardson
The Falcon and the Winter Soldier,Olivia Walker,,Gabrielle Byndloss
The Falcon and the Winter Soldier,Valentina Allegra de Fontaine,,Julia Louis-Dreyfus
The Falcon and the Winter Soldier,Mama Donya,,Veronica Falcón
The Falcon and the Winter Soldier,Senator Atwood,,Rebecca Lines
The Falcon and the Winter Soldier,James Rhodes,War Machine,Don Cheadle
The Falcon and the Winter Soldier,Matias,,Ness Bautista
The Falcon and the Winter Soldier,Unique,,Ian Gregg
The Falcon and the Winter Soldier,Alonso Barber,,Mike Ray
The Falcon and the Winter Soldier,Sara Haines,,Sara Haines
Thor: Love and Thunder,Thor,God of Thunder,Chris Hemsworth
Thor: Love and Thunder,Jane Foster,The Mighty Thor,Natalie Portman
Thor: Love and Thunder,Gorr,The God Buthcher,Christian Bale
Thor: Love and Thunder,King Valkyrie,,Tessa Thompson
Thor: Love and Thunder,Korg,Old Kronan God,Taika Waititi
Thor: Love and Thunder,Zeus,,Russell Crowe
Thor: Love and Thunder,Sif,Lady Sif,Jaimie Alexander
Thor: Love and Thunder,Heimdall,,Idris Elba
Thor: Love and Thunder,Peter Quill,Star-Lord,Chris Pratt
Thor: Love and Thunder,Drax,,Dave Bautista
Thor: Love and Thunder,Nebula,,Karen Gillan
Thor: Love and Thunder,Mantis,,Pom Klementieff
Thor: Love and Thunder,Kraglin,On-Set Rocket,Sean Gunn
Thor: Love and Thunder,Groot,,Vin Diesel
Thor: Love and Thunder,Rocket,,Bradley Cooper
Thor: Love and Thunder,Miek,,Carly Rees
Thor: Love and Thunder,Darcy Lewis,,Kat Dennings
Thor: Love and Thunder,Asgardian Stagehand,,Suren Jayemanne
Thor: Love and Thunder,Asgardian Stagehand,,Natasha Cheng
Thor: Love and Thunder,Hercules,,Brett Goldstein
Thor: Love and Thunder,King Yakan,,Stephen Curry
Thor: Love and Thunder,Erik Selvig,,Stellan Skarsgård
Thor: Love and Thunder,Habooska the Horrible,,Bobby Holland Hanton
Peter's To-Do List,Peter Parker,Spider-Man,Tom Holland
Peter's To-Do List,Ned,,Jacob Batalon
Peter's To-Do List,Mr. Delmar,,Hemky Madera
Peter's To-Do List,Flash Thompson,,Tony Revolori
Spider-Man: Far from Home,Peter Parker,Spider-Man,Tom Holland
Spider-Man: Far from Home,Nick Fury,Director Fury,Samuel L. Jackson
Spider-Man: Far from Home,Quentin Beck,Mysterio,Jake Gyllenhaal
Spider-Man: Far from Home,May Parker,Aunt May,Marisa Tomei
Spider-Man: Far from Home,Happy Hogan,,Jon Favreau
Spider-Man: Far from Home,MJ,,Zendaya
Spider-Man: Far from Home,Ned Leeds,,Jacob Batalon
Spider-Man: Far from Home,Flash Thompson,,Tony Revolori
Spider-Man: Far from Home,Betty Brant,,Angourie Rice
Spider-Man: Far from Home,Brad Davis,,Remy Hii
Spider-Man: Far from Home,Mr. Harrington,,Martin Starr
Spider-Man: Far from Home,Mr. Dell,,J.B. Smoove
Spider-Man: Far from Home,Jason Ionello,,Jorge Lendeborg Jr.
Spider-Man: Far from Home,Maria Hill,,Cobie Smulders
Spider-Man: Far from Home,William Ginter Riva,,Peter Billingsley
Spider-Man: Far from Home,Victoria,,Clare Dunne
Spider-Man: Far from Home,Guterman,,Nicholas Gleaves
Spider-Man: Far from Home,Janice,,Claire Rushbrook
Spider-Man: Far from Home,J. Jonah Jameson,,J.K. Simmons
Spider-Man: Far from Home,E.D.I.T.H.,,Dawn Michelle King
Spider-Man: No Way Home,Peter Parker,Spider-Man,Tom Holland
Spider-Man: No Way Home,MJ,,Zendaya
Spider-Man: No Way Home,Dr. Stephen Strange,Doctor Strange,Benedict Cumberbatch
Spider-Man: No Way Home,Ned,,Jacob Batalon
Spider-Man: No Way Home,Happy Hogan,,Jon Favreau
Spider-Man: No Way Home,Max Dillon,Electro,Jamie Foxx
Spider-Man: No Way Home,Norman Osborn,Green Goblin,Willem Dafoe
Spider-Man: No Way Home,Dr. Otto Octavius,Doc Ock,Alfred Molina
Spider-Man: No Way Home,Wong,,Benedict Wong
Spider-Man: No Way Home,Flash Thompson,,Tony Revolori
Spider-Man: No Way Home,May Parker,,Marisa Tomei
Spider-Man: No Way Home,Peter Parker2,Spider-Man,Andrew Garfield
Spider-Man: No Way Home,Peter Parker3,Spider-Man,Tobey Maguire
Spider-Man: No Way Home,Betty Brant,,Angourie Rice
Spider-Man: No Way Home,Agent Cleary,,Arian Moayed
Spider-Man: No Way Home,MIT Assistant Vice Chancellor,,Paula Newsome
Spider-Man: No Way Home,Coach Wilson,,Hannibal Buress
Spider-Man: No Way Home,Mr. Harrington,,Martin Starr
Spider-Man: No Way Home,Mr. Dell,,J.B. Smoove
Spider-Man: No Way Home,J. Jonah Jameson,,J.K. Simmons
Spider-Man: No Way Home,Dr. Curt Connors,The Lizard,Rhys Ifans
Spider-Man: No Way Home,Matt Murdock,Daredevil,Charlie Cox
Spider-Man: No Way Home,Flint Marko,Sandman,Thomas Haden Church
Doctor Strange in the Multiverse of Madness,Dr. Stephen Strange,Doctor strange,Benedict Cumberbatch
Doctor Strange in the Multiverse of Madness,Wanda Maximoff,The Scarlet Witch,Elizabeth Olsen
Doctor Strange in the Multiverse of Madness,Baron Mordo,,Chiwetel Ejiofor
Doctor Strange in the Multiverse of Madness,Wong,,Benedict Wong
Doctor Strange in the Multiverse of Madness,America Chavez,,Xochitl Gomez
Doctor Strange in the Multiverse of Madness,Dr. Christine Palmer,,Rachel McAdams
Doctor Strange in the Multiverse of Madness,Tommy Maximoff,,Jett Klyne
Doctor Strange in the Multiverse of Madness,Billy Maximoff,,Julian Hilliard
Doctor Strange in the Multiverse of Madness,Dr. Nic West,,Michael Stuhlbarg
Doctor Strange in the Multiverse of Madness,Peggy Carter-AR,Agent Carter,Hayley Atwell
Doctor Strange in the Multiverse of Madness,Black Bolt,,Anson Mount
Doctor Strange in the Multiverse of Madness,Carol Denvers,Captain Marvel,Lashana Lynch
Doctor Strange in the Multiverse of Madness,Reed Richards,,John Krasinski
Doctor Strange in the Multiverse of Madness,Professor Charles Xavier,,Patrick Stewart
Doctor Strange in the Multiverse of Madness,Ultron,,Ross Marquand
Doctor Strange in the Multiverse of Madness,Master Hamir,,Topo Wresniwiro
Doctor Strange in the Multiverse of Madness,The Weasel,,Charlie Norton
Doctor Strange in the Multiverse of Madness,Elena Chavez,,Ruth Livier
Doctor Strange in the Multiverse of Madness,Amalia Chavez,,Chess Lopez
Hawkeye,Clint Barton,Hawkeye,Jeremy Renner
Hawkeye,Kate Bishop,,Hailee Steinfeld
Hawkeye,Eleanor Bishop,,Vera Farmiga
Hawkeye,Jack Duquesne,,Tony Dalton
Hawkeye,Kazi,,Fra Fee
Hawkeye,Ivan,,Aleks Paunovic
Hawkeye,Tomas,,Piotr Adamczyk
Hawkeye,Maya Lopez,,Alaqua Cox
Hawkeye,Laura Barton,,Linda Cardellini
Hawkeye,Nathaniel Barton,,Cade Woodward
Hawkeye,Enrique,,Carlos Navarro
Hawkeye,Lila Barton,,Ava Russo
Hawkeye,Cooper Barton,,Ben Sakamoto
Hawkeye,Grills,,Clayton English
Hawkeye,Yelena Boleva,,Florence Pugh
Hawkeye,Detective Caudle,,Ivan Mbakop
Hawkeye,Kingpin,,Vincent D'Onofrio
Hawkeye,Detective Rivera,,Franco Castan
Moon Knight,Marc Spector,Moon Knight,Oscar Isaac
Moon Knight,Arthur Harrow,,Ethan Hawke
Moon Knight,Layla El-Faouly,,May Calamawy
Moon Knight,Khonshu,,F. Murray Abraham
Moon Knight,Bobbi,,Ann Akinjirin
Moon Knight,Billy,,David Ganly
Moon Knight,Taweret,,Antonia Salib
Moon Knight,Selim,,Khalid Abdalla
Moon Knight,Crawley,,Shaun Scott
Moon Knight,Donna,,Lucy Thackeray
Moon Knight,Yatzil,,Díana Bermudez
Moon Knight,J.B.,,Alexander Cobb
Moon Knight,Bek,,Loic Mabanza
Moon Knight,Anton Mogart,,Gaspard Ulliel
Moon Knight,Wendy Spector,,Fernanda Andrade
She-Hulk: Attorney at Law,Jennifer Walters,,Tatiana Maslany
She-Hulk: Attorney at Law,Nikki Ramos,,Ginger Gonzaga
She-Hulk: Attorney at Law,Titania,,Jameela Jamil
She-Hulk: Attorney at Law,Holden Holliway,,Steve Coulter
She-Hulk: Attorney at Law,Mallory Book,,Renée Elise Goldsberry
She-Hulk: Attorney at Law,Augustus 'Pug' Pugliese,,Josh Segarra
She-Hulk: Attorney at Law,Abomination,,Tim Roth
She-Hulk: Attorney at Law,Morris Walters,,Mark Linn-Baker
She-Hulk: Attorney at Law,Cousin Ched,,Nicholas Cirillo
She-Hulk: Attorney at Law,Dennis Bukowski,,Drew Matthews
She-Hulk: Attorney at Law,Bruce Banner,,Mark Ruffalo
She-Hulk: Attorney at Law,Elaine Walters,,Tess Malis Kincaid
She-Hulk: Attorney at Law,Josh Miller,,Trevor Salter
She-Hulk: Attorney at Law,Wong,,Benedict Wong
She-Hulk: Attorney at Law,Wrecker,,Nick Gomez
She-Hulk: Attorney at Law,Thunderball,,Justin Eaton
She-Hulk: Attorney at Law,Pedro The Bartender,,Vas Sanchez
She-Hulk: Attorney at Law,Judge Price,,George Bryant
She-Hulk: Attorney at Law,Daredevil,,Charlie Cox
She-Hulk: Attorney at Law,Eugene Patilio,,Brandon Stanley
She-Hulk: Attorney at Law,Luke Jacobson,,Griffin Matthews
She-Hulk: Attorney at Law,Aunt Melanie,,Candice Rose
She-Hulk: Attorney at Law,Derek,,David Otunga
She-Hulk: Attorney at Law,Uncle Tucker,,Michael H. Cole
She-Hulk: Attorney at Law,Noah,,Eddy Rioseco
She-Hulk: Attorney at Law,Arthur,,Michel Curiel
She-Hulk: Attorney at Law,Donny Blaze,,Rhys Coiro
She-Hulk: Attorney at Law,Mr. Immortal,,David Pasquesi
She-Hulk: Attorney at Law,Man-Bull,,Nathan Hurd
She-Hulk: Attorney at Law,Madisynn,,Patty Guggenheim
She-Hulk: Attorney at Law,Lulu,,Patti Harrison
She-Hulk: Attorney at Law,El Aguila,,Joseph Castillo-Midyett
She-Hulk: Attorney at Law,Saracen,,Terrence Clowe
She-Hulk: Attorney at Law,Heather,,McKenzie Kurtz
She-Hulk: Attorney at Law,Cornelius P. Willows,,Leon Lamar
She-Hulk: Attorney at Law,Chuck Donelan,,John Pirruccello
She-Hulk: Attorney at Law,Porcupine,,Jordan Aaron Ford
She-Hulk: Attorney at Law,Runa,,Peg O'Keef
She-Hulk: Attorney at Law,Skeevy Guy,,Quincy Giles
She-Hulk: Attorney at Law,Alan,,Ryan Powers
She-Hulk: Attorney at Law,Hank Sanderson,,Mike Benitez
She-Hulk: Attorney at Law,Skaar,,Wil Deusner
Ms. Marvel,Kamala Khan,,Iman Vellani
Ms. Marvel,Bruno,,Matt Lintz
Ms. Marvel,Muneeba,,Zenobia Shroff
Ms. Marvel,Nakia,,Yasmeen Fletcher
Ms. Marvel,Kamran,,Rish Shah
Ms. Marvel,Yusuf,,Mohan Kapur
Ms. Marvel,Aamir,,Saagar Shaikh
Ms. Marvel,Sana,,Samina Ahmed
Ms. Marvel,Najma,,Nimra Bucha
Ms. Marvel,Agent Deever,,Alysia Reiner
Ms. Marvel,Auntie Ruby,,Anjali Bhimani
Ms. Marvel,Auntie Zara,,Sophia Mahmud
Ms. Marvel,Red Dagger,,Aramis Knight
Ms. Marvel,Agent Cleary,,Arian Moayed
Ms. Marvel,Zoe,,Laurel Marsden
Ms. Marvel,Sheikh Abdullah,,Laith Nakli
Werewolf by Night,Jack Russell,,Gael García Bernal
Werewolf by Night,Elsa Bloodstone,,Laura Donnelly
Werewolf by Night,Verussa,,Harriet Sansom Harris
Werewolf by Night,Jovan,,Kirk R. Thatcher
Werewolf by Night,Azarel,,Eugenie Bondurant
Werewolf by Night,Liorn,,Leonardo Nam
Werewolf by Night,Barasso,,Daniel J. Watts
Werewolf by Night,Billy Swan,,Al Hamacher
Werewolf by Night,Ted (The Man-Thing),,Carey Jones
Werewolf by Night,The Flaming Tuba,,David Silverman
Werewolf by Night,Ulysses Bloodstone,,Richard Dixon
Secret Invasion,Nick Fury,Director Fury,Samuel L. Jackson
Secret Invasion,Talos,,Ben Mendelsohn
Secret Invasion,Maria Hill,,Cobie Smulders
Secret Invasion,Special Agent Sonya Falsworth,,Olivia Colman
Secret Invasion,Rebel Skrull leader Gravik,,Kingsley Ben-Adir
Secret Invasion,Fiz,,Killian Scott
Secret Invasion,FSB Commander,,Ventsislav Yankov
Secret Invasion,James Rhodes,War Machine,Don Cheadle
Secret Invasion,Everett K. Ross,,Martin Freeman
